stage,optimizer,lr,secondary,seed,run,status,val_loss,train_seconds
A,adamw,0.000125,,0,adamw_lr0.000125_s0,done,3.9959919452667236,467
A,adamw,0.000125,,1,adamw_lr0.000125_s1,done,4.005799293518066,467
A,adamw,0.00025,,0,adamw_lr0.00025_s0,done,3.7017626762390137,420
A,adamw,0.00025,,1,adamw_lr0.00025_s1,done,3.7076330184936523,420
A,adamw,0.0005,,0,adamw_lr0.0005_s0,done,3.514033794403076,420
A,adamw,0.0005,,1,adamw_lr0.0005_s1,done,3.522493839263916,422
A,adamw,0.001,,0,adamw_lr0.001_s0,done,3.404102325439453,421
A,adamw,0.001,,1,adamw_lr0.001_s1,done,3.414400815963745,422
A,adamw,0.002,,0,adamw_lr0.002_s0,done,3.3617498874664307,422
A,adamw,0.002,,1,adamw_lr0.002_s1,done,3.3627474308013916,423
A,adamw,0.004,,0,adamw_lr0.004_s0,done,3.597247362136841,422
A,adamw,0.004,,1,adamw_lr0.004_s1,done,3.597250461578369,421
A,adamw,0.008,,0,adamw_lr0.008_s0,done,5.984632968902588,422
A,adamw,0.008,,1,adamw_lr0.008_s1,done,6.0234222412109375,423
C,adamw,0.002,b2=0.98,0,adamw_lr0.002_b20.98_s0,done,3.3642513751983643,422
C,adamw,0.002,b2=0.98,1,adamw_lr0.002_b20.98_s1,done,3.3602046966552734,420
C,adamw,0.002,b2=0.999,0,adamw_lr0.002_b20.999_s0,done,3.4008636474609375,422
C,adamw,0.002,b2=0.999,1,adamw_lr0.002_b20.999_s1,done,3.4151785373687744,422
C,adamw,0.002,b2=0.9,0,adamw_lr0.002_b20.9_s0,done,3.3597326278686523,422
C,adamw,0.002,b2=0.9,1,adamw_lr0.002_b20.9_s1,done,3.365675926208496,422
A,soap,0.000375,,0,soap_lr0.000375_s0,done,3.5110044479370117,701
A,soap,0.000375,,1,soap_lr0.000375_s1,done,3.5166854858398438,688
A,soap,0.00075,,0,soap_lr0.00075_s0,done,3.362556219100952,461
A,soap,0.00075,,1,soap_lr0.00075_s1,done,3.365264654159546,462
A,soap,0.0015,,0,soap_lr0.0015_s0,done,3.2925171852111816,461
A,soap,0.0015,,1,soap_lr0.0015_s1,done,3.2907309532165527,463
A,soap,0.003,,0,soap_lr0.003_s0,done,3.264098882675171,463
A,soap,0.003,,1,soap_lr0.003_s1,done,3.266918659210205,462
A,soap,0.006,,0,soap_lr0.006_s0,done,3.264721393585205,645
A,soap,0.006,,1,soap_lr0.006_s1,done,3.266629695892334,463
A,soap,0.012,,0,soap_lr0.012_s0,done,3.2484312057495117,461
A,soap,0.012,,1,soap_lr0.012_s1,done,3.2491936683654785,462
A,soap,0.024,,0,soap_lr0.024_s0,done,4.778483867645264,462
A,soap,0.024,,1,soap_lr0.024_s1,done,4.760164737701416,462
C,soap,0.012,shampoo_beta=0.9,0,soap_lr0.012_shampoo_beta0.9_s0,done,3.2469077110290527,654
C,soap,0.012,shampoo_beta=0.9,1,soap_lr0.012_shampoo_beta0.9_s1,done,3.2453367710113525,459
C,soap,0.012,shampoo_beta=0.99,0,soap_lr0.012_shampoo_beta0.99_s0,done,3.2641961574554443,651
C,soap,0.012,shampoo_beta=0.99,1,soap_lr0.012_shampoo_beta0.99_s1,done,3.268460750579834,461
C,soap,0.012,shampoo_beta=0.8,0,soap_lr0.012_shampoo_beta0.8_s0,done,3.2534406185150146,648
C,soap,0.012,shampoo_beta=0.8,1,soap_lr0.012_shampoo_beta0.8_s1,done,3.250159502029419,456
A,gimbal,0.000375,,0,gimbal_lr0.000375_s0,done,3.504098415374756,1006
A,gimbal,0.000375,,1,gimbal_lr0.000375_s1,done,3.5166218280792236,488
A,gimbal,0.00075,,0,gimbal_lr0.00075_s0,done,3.3697478771209717,488
A,gimbal,0.00075,,1,gimbal_lr0.00075_s1,done,3.3745687007904053,488
A,gimbal,0.0015,,0,gimbal_lr0.0015_s0,done,3.3016037940979004,488
A,gimbal,0.0015,,1,gimbal_lr0.0015_s1,done,3.3006787300109863,488
A,gimbal,0.003,,0,gimbal_lr0.003_s0,done,3.283604145050049,489
A,gimbal,0.003,,1,gimbal_lr0.003_s1,done,3.28971004486084,489
A,gimbal,0.006,,0,gimbal_lr0.006_s0,done,3.2817323207855225,505
A,gimbal,0.006,,1,gimbal_lr0.006_s1,done,3.2788660526275635,506
A,gimbal,0.012,,0,gimbal_lr0.012_s0,done,3.3595597743988037,504
A,gimbal,0.012,,1,gimbal_lr0.012_s1,done,3.3253061771392822,507
A,gimbal,0.024,,0,gimbal_lr0.024_s0,done,4.738290309906006,507
A,gimbal,0.024,,1,gimbal_lr0.024_s1,done,4.760410785675049,504
C,gimbal,0.006,rot_rate=0.025,0,gimbal_lr0.006_rot_rate0.025_s0,done,3.280498504638672,925
C,gimbal,0.006,rot_rate=0.025,1,gimbal_lr0.006_rot_rate0.025_s1,done,3.2887561321258545,504
C,gimbal,0.006,rot_rate=0.1,0,gimbal_lr0.006_rot_rate0.1_s0,done,3.272437810897827,918
C,gimbal,0.006,rot_rate=0.1,1,gimbal_lr0.006_rot_rate0.1_s1,done,3.267503499984741,505
C,gimbal,0.006,rot_rate=0.2,0,gimbal_lr0.006_rot_rate0.2_s0,done,3.263563632965088,906
C,gimbal,0.006,rot_rate=0.2,1,gimbal_lr0.006_rot_rate0.2_s1,done,3.265698194503784,504
